id,user_id,name,roaster_shop_id,roast_level,roast_date,origin_country,farm,variety,process,purchase_shop_id,purchase_date,price,initial_weight_g,current_weight_g,notes,archived,tags,liking,aroma,sourness,bitterness,sweetness,body,aftertaste,tasting_comment,tasting_photos,tasted_at,created_at,updated_at
0186aeb8-f536-4b96-912c-8bd22fccad71,48f186a3-e094-416f-86ab-5d5c016c002a,HONDURAS,77850fac-daf1-4a28-a47f-cdfcabd005b7,,2025-08-30,ホンジュラス,,,,77850fac-daf1-4a28-a47f-cdfcabd005b7,2025-08-30,,200,200,,true,[],7,7,6,6,,,,,[],2025-09-13 15:38:07.7782+00,2025-09-13 15:38:07.7782+00,2025-09-13 15:39:11.925184+00
056a5e5b-857d-4dbe-99bb-61ecb2590bfc,48f186a3-e094-416f-86ab-5d5c016c002a,CHINA DEHONG,5c6d317e-2d64-4c4d-8d19-a501bf002fb5,,2025-08-07,中国,,,,5c6d317e-2d64-4c4d-8d19-a501bf002fb5,2025-08-07,,200,200,,true,[],6,6,7,4,,,,,[],2025-09-13 15:38:07.7782+00,2025-09-13 15:38:07.7782+00,2025-09-13 15:39:34.464339+00
08cb2627-38cf-4ea7-8b04-375c603dbe0c,48f186a3-e094-416f-86ab-5d5c016c002a,FRENCH ROAST,ba30c039-5f22-4129-a65a-c414a958fc3e,French,2025-09-28,,,,,,,,250,250,下北沢,true,[],8,7,9,3,7,6,3,,,2025-10-13 14:14:35.182+00,2025-10-05 09:30:04.57879+00,2025-10-13 14:14:38.584633+00
0cb416ad-8b64-4263-b1ba-be6cf51578b7,48f186a3-e094-416f-86ab-5d5c016c002a,ETHIOPIA,77850fac-daf1-4a28-a47f-cdfcabd005b7,,2025-08-13,エチオピア,,,,77850fac-daf1-4a28-a47f-cdfcabd005b7,2025-08-13,,200,200,,true,[],6,4,3,7,,,,,[],2025-09-13 15:38:07.7782+00,2025-09-13 15:38:07.7782+00,2025-09-13 15:39:30.174156+00
0e792bb8-fa52-46c4-826d-97d69a19bab4,48f186a3-e094-416f-86ab-5d5c016c002a,ORGANIC PLUNGER,45ce9ff3-8a2f-4665-8e10-8b0e32f4dc28,,2025-08-29,,,,,45ce9ff3-8a2f-4665-8e10-8b0e32f4dc28,2025-08-29,,200,200,,true,[],7,7,7,5,,,,,[],2025-09-13 15:38:07.7782+00,2025-09-13 15:38:07.7782+00,2025-09-13 15:39:12.732772+00
1348e8cc-541f-47f4-b884-790ae4bdbbb3,48f186a3-e094-416f-86ab-5d5c016c002a,ケニア(GAKUNDO AA),90c4daac-b6f1-4c10-9313-51db0648c274,,2025-09-07,ケニア,,,,90c4daac-b6f1-4c10-9313-51db0648c274,2025-09-07,,200,200,,true,[],9,8,6,3,,,,,[],2025-09-13 15:38:07.7782+00,2025-09-13 15:38:07.7782+00,2025-09-13 15:39:05.96457+00
14830b26-5a10-40c2-964c-8e7440f57d69,48f186a3-e094-416f-86ab-5d5c016c002a,ルワンダ,,,2025-08-23,ルワンダ,,,,,2025-08-23,,200,200,,true,[],7,4,8,3,,,,,[],2025-09-13 15:38:07.7782+00,2025-09-13 15:38:07.7782+00,2025-09-13 15:39:19.452396+00
180ff6d4-7536-4702-a62d-5deda910f208,48f186a3-e094-416f-86ab-5d5c016c002a,Anacafe 14(COSTA RICA),9fa16d1a-a0db-4df6-b25d-1cf8860eac2f,,2025-08-04,コスタリカ,,,,9fa16d1a-a0db-4df6-b25d-1cf8860eac2f,2025-08-04,,200,200,,true,[],6,7,9,1,,,,,[],2025-09-13 15:38:07.7782+00,2025-09-13 15:38:07.7782+00,2025-09-13 15:39:36.598768+00
1acad49c-348c-47f7-b3dd-934ee5a9306b,48f186a3-e094-416f-86ab-5d5c016c002a,ほどよいコクとバランスのブレンド,77850fac-daf1-4a28-a47f-cdfcabd005b7,,2025-09-10,"グアテマラ, ペルー",,,,77850fac-daf1-4a28-a47f-cdfcabd005b7,2025-09-10,,200,200,,true,[],9,7,5,5,,,,,[],2025-09-13 15:38:07.7782+00,2025-09-13 15:38:07.7782+00,2025-09-13 15:38:28.784533+00
1d480f29-a579-42af-9518-1815b0a33fcc,48f186a3-e094-416f-86ab-5d5c016c002a,Prodomo,812cf6cc-48ce-48ad-acee-8968eeeac878,,2025-07-20,"その他, エチオピア, コロンビア",,,,812cf6cc-48ce-48ad-acee-8968eeeac878,2025-07-20,,200,200,,true,[],5,5,3,4,,,,,[],2025-09-13 15:38:07.7782+00,2025-09-13 15:38:07.7782+00,2025-09-13 15:39:47.077243+00
1d78875d-163a-4af0-bfea-696ad085bb96,48f186a3-e094-416f-86ab-5d5c016c002a,summer blend,28f613b2-a069-40a2-883e-1df8416cc06d,,2025-07-29,,,,,28f613b2-a069-40a2-883e-1df8416cc06d,2025-07-29,,200,200,,true,[],6,3,7,5,,,,,[],2025-09-13 15:38:07.7782+00,2025-09-13 15:38:07.7782+00,2025-09-13 15:39:40.141606+00
235b0f11-9523-4886-b715-a4d2020cc2c5,48f186a3-e094-416f-86ab-5d5c016c002a,Ethiopia Washed,7ae5dc1b-58fe-49d5-83c1-ddc0df738408,,2025-08-27,エチオピア,,,,7ae5dc1b-58fe-49d5-83c1-ddc0df738408,2025-08-27,,200,200,,true,[],7,5,7,5,,,,,[],2025-09-13 15:38:07.7782+00,2025-09-13 15:38:07.7782+00,2025-09-13 15:39:14.605704+00
294d347a-55b6-42b9-b478-2dc2cad293c2,48f186a3-e094-416f-86ab-5d5c016c002a,リオ マグダレナ(やなか珈琲),c4becb2d-2bf6-48ee-b7ad-d7971afda934,,2025-06-29,コロンビア,,,,c4becb2d-2bf6-48ee-b7ad-d7971afda934,2025-06-29,,200,200,,true,[],5,3,2,7,,,,,[],2025-09-13 15:38:07.7782+00,2025-09-13 15:38:07.7782+00,2025-09-13 15:38:47.942634+00
2ceba03a-d6a3-4f59-b371-35665afc5f3d,48f186a3-e094-416f-86ab-5d5c016c002a,豆香洞ブレンド,ad8ca75a-f1b3-4752-964f-4f028db6478c,,2025-07-31,,,,,ad8ca75a-f1b3-4752-964f-4f028db6478c,2025-07-31,,200,200,,true,[],6,6,4,5,,,,,[],2025-09-13 15:38:07.7782+00,2025-09-13 15:38:07.7782+00,2025-09-13 15:39:39.291685+00
2ceff33c-6adb-4fa4-80a4-0ef813a36852,48f186a3-e094-416f-86ab-5d5c016c002a,サクラロサード,c4becb2d-2bf6-48ee-b7ad-d7971afda934,,2025-08-15,コロンビア,,,,c4becb2d-2bf6-48ee-b7ad-d7971afda934,2025-08-15,,200,200,,true,[],7,6,2,4,,,,,[],2025-09-13 15:38:07.7782+00,2025-09-13 15:38:07.7782+00,2025-09-13 15:39:28.12582+00
39bb0818-82f4-460f-ae32-1e0c46839308,48f186a3-e094-416f-86ab-5d5c016c002a,エチオピア(LURIE.),71ada7b4-9153-4064-ad0d-c34e3cdacc2f,,2025-07-12,エチオピア,,,,71ada7b4-9153-4064-ad0d-c34e3cdacc2f,2025-07-12,,200,200,,true,[],5,4,4,4,,,,,[],2025-09-13 15:38:07.7782+00,2025-09-13 15:38:07.7782+00,2025-09-13 15:39:53.160365+00
3e68a174-57d7-457c-8b31-66601b6f248f,48f186a3-e094-416f-86ab-5d5c016c002a,Thai Espresso,28eabd6d-9b81-4954-bd19-3c618fe3fff6,,2025-06-25,タイ,,,,28eabd6d-9b81-4954-bd19-3c618fe3fff6,2025-06-25,,200,200,,true,[],6,6,2,8,4,7,6,エスプレッソとあるので苦め寄りのコーヒーだった,[],2025-09-21 13:06:03.174+00,2025-09-13 15:38:07.7782+00,2025-09-21 13:06:03.23662+00
404994dd-b73e-4a78-a468-9fe3549ac5ee,48f186a3-e094-416f-86ab-5d5c016c002a,ONIBUS BLEND,b1f629e2-a587-4707-b4ac-30fce341c699,,2025-09-06,"Brazil Pulped Natural, Ethiopia Natural, Guatemala Fully Washed",,,,b1f629e2-a587-4707-b4ac-30fce341c699,2025-09-06,,200,200,,true,[],9,8,5,4,,,,,[],2025-09-13 15:38:07.7782+00,2025-09-13 15:38:07.7782+00,2025-09-13 15:39:07.03249+00
41d2518d-380e-425b-8e05-d730ec69b06d,48f186a3-e094-416f-86ab-5d5c016c002a,モカ イルガチェフェ(やなか珈琲),c4becb2d-2bf6-48ee-b7ad-d7971afda934,,2025-06-30,エチオピア,,,,c4becb2d-2bf6-48ee-b7ad-d7971afda934,2025-06-30,,200,200,,true,[],5,3,2,7,,,,,[],2025-09-13 15:38:07.7782+00,2025-09-13 15:38:07.7782+00,2025-09-13 15:38:49.295814+00
4465b1cb-0494-4167-bd59-ba41dd609d21,48f186a3-e094-416f-86ab-5d5c016c002a,HONEY PROCESSED COFFEE BEAN (SINGLE-ORIGIN MAE POON LUANG),7fe2c1cf-9f9a-4b04-a1a0-39e017fe3140,,2025-08-24,タイ,,,,7fe2c1cf-9f9a-4b04-a1a0-39e017fe3140,2025-08-24,,200,200,,true,[],7,5,7,4,,,,,[],2025-09-13 15:38:07.7782+00,2025-09-13 15:38:07.7782+00,2025-09-13 15:39:18.230444+00
4644462f-cd51-4169-9d73-42df6a0b4a5e,48f186a3-e094-416f-86ab-5d5c016c002a,自家焙煎コーヒーオーガニック　ボリビア,e120540b-6b03-489d-a06d-aeea8643e631,High,,,,,,,,,200,200,,true,[],6,6,6,7,6,5,5,,,2025-11-22 15:14:28.842+00,2025-10-13 14:20:49.098714+00,2025-11-22 15:14:30.514684+00
467bd294-8cd8-4a72-9f57-0a93083f95b4,48f186a3-e094-416f-86ab-5d5c016c002a,ケニア,bfcfd925-cd33-469b-b3ee-e74d67028feb,,2025-07-26,ケニア,,,,bfcfd925-cd33-469b-b3ee-e74d67028feb,2025-07-26,,200,200,,true,[],6,6,6,5,,,,,[],2025-09-13 15:38:07.7782+00,2025-09-13 15:38:07.7782+00,2025-09-13 15:39:41.423537+00
4a2abf07-1aa1-4b15-9a13-ab14aa831ccb,48f186a3-e094-416f-86ab-5d5c016c002a,カナリオ,e2774caf-ab0b-472e-89d1-838b14392b75,,2025-07-08,ブラジル,,,,e2774caf-ab0b-472e-89d1-838b14392b75,2025-07-08,,200,200,,true,[],5,5,3,7,,,,,[],2025-09-13 15:38:07.7782+00,2025-09-13 15:38:07.7782+00,2025-09-13 15:39:00.311147+00
4b97a7a1-3fbb-49dc-b617-f7445e6ef339,48f186a3-e094-416f-86ab-5d5c016c002a,オリジナルブレンド,c6680f22-d167-43b8-9138-fc6f1c5502a0,,2025-07-15,,,,,c6680f22-d167-43b8-9138-fc6f1c5502a0,2025-07-15,,200,200,,true,[],5,4,3,5,,,,,[],2025-09-13 15:38:07.7782+00,2025-09-13 15:38:07.7782+00,2025-09-13 15:39:51.441213+00
4cf9a3a4-f45b-43ed-995c-ea9a02f6aae4,48f186a3-e094-416f-86ab-5d5c016c002a,ルワンダ(Cafe Facon Roaster Atelier),bfcfd925-cd33-469b-b3ee-e74d67028feb,,2025-08-16,ルワンダ,,,,bfcfd925-cd33-469b-b3ee-e74d67028feb,2025-08-16,,200,200,,true,[],7,7,8,4,,,,,[],2025-09-13 15:38:07.7782+00,2025-09-13 15:38:07.7782+00,2025-09-13 15:39:26.813317+00
52d58014-f0e1-4a97-a135-4bf181b1e43d,48f186a3-e094-416f-86ab-5d5c016c002a,江古田ブレンド,847c26f1-c6f7-4531-9c13-06ddae4d351e,,2025-07-23,,,,,847c26f1-c6f7-4531-9c13-06ddae4d351e,2025-07-23,,200,200,,true,[],5,5,3,5,,,,,[],2025-09-13 15:38:07.7782+00,2025-09-13 15:38:07.7782+00,2025-09-13 15:39:44.609237+00
52faeb7a-33bd-4469-b306-67f68539b8b3,48f186a3-e094-416f-86ab-5d5c016c002a,ケニア,b1f629e2-a587-4707-b4ac-30fce341c699,,2025-07-30,ケニア,,,,b1f629e2-a587-4707-b4ac-30fce341c699,2025-07-30,,200,200,,true,[],6,5,7,3,,,,,[],2025-09-13 15:38:07.7782+00,2025-09-13 15:38:07.7782+00,2025-09-13 15:39:39.704914+00
59ec0866-56b3-42ae-8805-27529974f4a1,48f186a3-e094-416f-86ab-5d5c016c002a,氷川の社ブレンド,6fa36da8-189e-4344-a918-240f67f0202f,High,2025-09-21,,,,,6fa36da8-189e-4344-a918-240f67f0202f,,,256,256,,true,[],5,6,2,7,5,7,6,にがめなコーヒーだった。ただ、飲みやすい,,2025-10-05 09:31:43.57+00,2025-09-21 13:32:38.913536+00,2025-10-05 09:31:46.220216+00
62224850-513f-4405-8b03-f3d2fbe09e32,48f186a3-e094-416f-86ab-5d5c016c002a,ルワンダ,dd0ffa92-9b9d-4683-8908-3e1225d8dae3,,2025-08-21,ルワンダ,,,,dd0ffa92-9b9d-4683-8908-3e1225d8dae3,2025-08-21,,200,200,,true,[],7,5,9,4,,,,,[],2025-09-13 15:38:07.7782+00,2025-09-13 15:38:07.7782+00,2025-09-13 15:39:21.476325+00
63e116bc-bb76-4055-8a74-58d74b7c4782,48f186a3-e094-416f-86ab-5d5c016c002a,ウガンダ(水谷珈琲),c2997165-c990-43ec-825a-7c099528a9dc,,2025-07-11,ウガンダ,,,,c2997165-c990-43ec-825a-7c099528a9dc,2025-07-11,,200,200,,true,[],5,3,5,4,,,,,[],2025-09-13 15:38:07.7782+00,2025-09-13 15:38:07.7782+00,2025-09-13 15:39:53.747104+00
64f46f9a-5276-4934-bee6-afdc2093991f,48f186a3-e094-416f-86ab-5d5c016c002a,はなやかでフルーティなブレンド,77850fac-daf1-4a28-a47f-cdfcabd005b7,,2025-08-28,"エチオピア, グアテマラ",,,,77850fac-daf1-4a28-a47f-cdfcabd005b7,2025-08-28,,200,200,,true,[],7,6,6,6,,,,,[],2025-09-13 15:38:07.7782+00,2025-09-13 15:38:07.7782+00,2025-09-13 15:39:13.677166+00
66fab9e0-b78f-46e3-952c-289bcc62ecc4,48f186a3-e094-416f-86ab-5d5c016c002a,ふくろうブレンド,8e4d73a7-cb31-49b3-9986-74adbdd17edb,,2025-07-24,"グアテマラ, ニカラグア, ブラジル",,,,8e4d73a7-cb31-49b3-9986-74adbdd17edb,2025-07-24,,200,200,,true,[],5,4,3,6,,,,,[],2025-09-13 15:38:07.7782+00,2025-09-13 15:38:07.7782+00,2025-09-13 15:39:43.738349+00
67377631-d287-449f-b403-911d7424239f,48f186a3-e094-416f-86ab-5d5c016c002a,Spring Blend,d348611a-79f7-4011-a964-3f9489d75258,,2025-07-16,,,,,d348611a-79f7-4011-a964-3f9489d75258,2025-07-16,,200,200,,true,[],5,5,4,4,,,,,[],2025-09-13 15:38:07.7782+00,2025-09-13 15:38:07.7782+00,2025-09-13 15:39:50.992879+00
67ba541a-62dc-40c3-8cae-48c05f576e4c,48f186a3-e094-416f-86ab-5d5c016c002a,博多うまかブレンド,ad8ca75a-f1b3-4752-964f-4f028db6478c,,2025-09-05,,,,,ad8ca75a-f1b3-4752-964f-4f028db6478c,2025-09-05,,200,200,,true,[],8,8,7,3,,,,,[],2025-09-13 15:38:07.7782+00,2025-09-13 15:38:07.7782+00,2025-09-13 15:39:07.829057+00
687989df-0e9e-4f8d-916a-d0b279c811d4,48f186a3-e094-416f-86ab-5d5c016c002a,ゲイシャ(やなか珈琲),c4becb2d-2bf6-48ee-b7ad-d7971afda934,,2025-06-28,パナマ,,,,c4becb2d-2bf6-48ee-b7ad-d7971afda934,2025-06-28,,200,200,,true,[],5,5,7,4,,,,,[],2025-09-13 15:38:07.7782+00,2025-09-13 15:38:07.7782+00,2025-09-13 15:38:47.019263+00
6c05840b-cc2b-4daa-b32a-c752c654895f,48f186a3-e094-416f-86ab-5d5c016c002a,San Juanillo,75b17cb7-4f01-43a0-8752-9cf2c2a9a251,,2025-08-08,コスタリカ,,,,75b17cb7-4f01-43a0-8752-9cf2c2a9a251,2025-08-08,,200,200,,true,[],6,4,5,3,,,,,[],2025-09-13 15:38:07.7782+00,2025-09-13 15:38:07.7782+00,2025-09-13 15:39:33.988457+00
6cd825b2-2458-4fc3-9a1e-226a1a581585,48f186a3-e094-416f-86ab-5d5c016c002a,東京喫茶ブレンド,23d78bc5-8662-4fb5-a00c-339f46c8035a,,2025-08-06,,,,,23d78bc5-8662-4fb5-a00c-339f46c8035a,2025-08-06,,200,200,,true,[],6,4,2,6,,,,,[],2025-09-13 15:38:07.7782+00,2025-09-13 15:38:07.7782+00,2025-09-13 15:39:34.907448+00
6d06961d-d355-4a66-9c48-18373f0d340f,48f186a3-e094-416f-86ab-5d5c016c002a,コスタリカ SHB セントタラス,ad04cdd7-8f04-48b8-af77-b835108ac29c,,2025-07-22,コスタリカ,,,,ad04cdd7-8f04-48b8-af77-b835108ac29c,2025-07-22,,200,200,,true,[],5,5,6,5,,,,,[],2025-09-13 15:38:07.7782+00,2025-09-13 15:38:07.7782+00,2025-09-13 15:39:45.535994+00
6dc06a60-56b8-4c55-8012-313d9509cff7,48f186a3-e094-416f-86ab-5d5c016c002a,バッハブレンド,1d1e67be-f2cc-42f9-b43b-c7e279568fa7,,2025-07-27,"グアテマラ・コンポステラ, コロンビア・タミナンゴ, パプアニューギニア, ブラジルW",,,,1d1e67be-f2cc-42f9-b43b-c7e279568fa7,2025-07-27,,200,200,,true,[],6,6,5,5,,,,,[],2025-09-13 15:38:07.7782+00,2025-09-13 15:38:07.7782+00,2025-09-13 15:39:40.989138+00
6f63e8dc-2a64-4bb3-ab73-33d21c8cbf4d,48f186a3-e094-416f-86ab-5d5c016c002a,ハイチ　ゾンビデザート,1bd868f6-81aa-47d7-825c-8edc9450e887,,2025-07-09,ハイチ,,,,1bd868f6-81aa-47d7-825c-8edc9450e887,2025-07-09,,200,200,,true,[],5,5,4,4,,,,,[],2025-09-13 15:38:07.7782+00,2025-09-13 15:38:07.7782+00,2025-09-13 15:39:01.414593+00
73c0204a-af7b-415c-99fb-e473a04c8333,48f186a3-e094-416f-86ab-5d5c016c002a,HONDURAS,77850fac-daf1-4a28-a47f-cdfcabd005b7,,2025-09-02,ホンジュラス,,,,77850fac-daf1-4a28-a47f-cdfcabd005b7,2025-09-02,,200,200,にがめのthe coffeeといった感じ。香りもThe Coffeeという形で良い匂いだった,true,[],7,6,3,7,,,,にがめのthe coffeeといった感じ。香りもThe Coffeeという形で良い匂いだった,[],2025-09-13 15:38:07.7782+00,2025-09-13 15:38:07.7782+00,2025-09-13 15:39:10.299762+00
73c67e4a-9f75-4531-a7a7-ae9762757314,48f186a3-e094-416f-86ab-5d5c016c002a,ハシビロブレンド,95fecc36-58dc-4a21-b93f-e9760448ca5a,,2025-08-05,,,,,95fecc36-58dc-4a21-b93f-e9760448ca5a,2025-08-05,,200,200,,true,[],6,5,7,4,,,,,[],2025-09-13 15:38:07.7782+00,2025-09-13 15:38:07.7782+00,2025-09-13 15:39:35.423471+00
75f97120-4043-4886-82aa-8949b4e09149,48f186a3-e094-416f-86ab-5d5c016c002a,皇琲亭ブレンド,3b39a6ac-080c-4abe-acb2-f9f530169b00,,2025-08-12,"コロンビア, タンザニア, ブラジル",,,,3b39a6ac-080c-4abe-acb2-f9f530169b00,2025-08-12,,200,200,,true,[],6,5,4,4,,,,,[],2025-09-13 15:38:07.7782+00,2025-09-13 15:38:07.7782+00,2025-09-13 15:39:30.971965+00
79401dd2-37a8-47b2-b15e-b5f965aff63b,48f186a3-e094-416f-86ab-5d5c016c002a,SIDAMO NIGUSSE GEMEDA MORKE,8679264d-afdf-4998-b4ef-3ed134fa3e7b,,2025-08-14,エチオピア,,,,8679264d-afdf-4998-b4ef-3ed134fa3e7b,2025-08-14,,200,200,,true,[],6,5,7,3,,,,,[],2025-09-13 15:38:07.7782+00,2025-09-13 15:38:07.7782+00,2025-09-13 15:39:29.117611+00
81248e73-7257-4a8f-8d94-9669a66529ef,48f186a3-e094-416f-86ab-5d5c016c002a,ルワンダ(オニバスコーヒー),b1f629e2-a587-4707-b4ac-30fce341c699,,2025-06-27,ルワンダ,,,,b1f629e2-a587-4707-b4ac-30fce341c699,2025-06-27,,200,200,,true,[],5,6,9,4,,,,,[],2025-09-13 15:38:07.7782+00,2025-09-13 15:38:07.7782+00,2025-09-13 15:38:45.3064+00
843f58a8-788b-4427-bdf0-99fa9e7f7783,48f186a3-e094-416f-86ab-5d5c016c002a,O12 RUDDER BLEND MEDIUM,3a57045b-7ffe-4cfa-b3fe-3c5f34e90542,,2025-09-11,"エチオピア, コロンビア",,,,3a57045b-7ffe-4cfa-b3fe-3c5f34e90542,2025-09-11,,200,200,,true,[],9,8,9,2,,,,,[],2025-09-13 15:38:07.7782+00,2025-09-13 15:38:07.7782+00,2025-09-13 15:38:27.78171+00
856afa66-13b6-4241-9889-e538f6f4a9f9,48f186a3-e094-416f-86ab-5d5c016c002a,ARABICA BLEND,92ea8088-b914-4a65-9a1a-387125943d0d,,2025-07-19,,,,,92ea8088-b914-4a65-9a1a-387125943d0d,2025-07-19,,200,200,,true,[],5,6,3,7,,,,,[],2025-09-13 15:38:07.7782+00,2025-09-13 15:38:07.7782+00,2025-09-13 15:39:47.608535+00
870bc9ae-b19b-47c5-9f9c-c8e256c87cf3,48f186a3-e094-416f-86ab-5d5c016c002a,無印良品 ブレンドコーヒー,119c5622-2a07-494a-a636-cbf11ecfcf8c,,2025-07-06,,,,,119c5622-2a07-494a-a636-cbf11ecfcf8c,2025-07-06,,200,200,,true,[],5,3,2,7,,,,,[],2025-09-13 15:38:07.7782+00,2025-09-13 15:38:07.7782+00,2025-09-13 15:38:56.591189+00
8bc8383a-ee2b-45fa-99df-d7e6e0136701,48f186a3-e094-416f-86ab-5d5c016c002a,TOKYO BLEND,812b7f95-e7f8-4731-866b-5f6e0ff0d920,,2025-08-09,"エチオピア, グアテマラ, コスタリカ",,,,812b7f95-e7f8-4731-866b-5f6e0ff0d920,2025-08-09,,200,200,,true,[],6,4,7,4,,,,,[],2025-09-13 15:38:07.7782+00,2025-09-13 15:38:07.7782+00,2025-09-13 15:39:33.569317+00
8c5f7c79-4398-4ed7-ad4f-0e08a02a8f89,48f186a3-e094-416f-86ab-5d5c016c002a,Café Crema（カフェ・クレマ）,7c560c18-6216-4769-af39-31b2a9bf33c4,Medium,2024-07-04,,,アラビカ種,,,,,250,250,タイのお土産,true,[],6,6,4,5,3,6,7,バランスが良く飲みやすかった,,2025-09-20 11:47:15.109+00,2025-09-20 11:45:53.190013+00,2025-09-20 11:47:18.901483+00
8d4c6f99-5e2f-48b8-a099-98d647fb6e22,48f186a3-e094-416f-86ab-5d5c016c002a,COLOMBIA QUINDIO CAMPO HERMOSO,332e91ac-377c-4f43-9ea7-586a653777ab,,2025-09-12,コロンビア,,,,332e91ac-377c-4f43-9ea7-586a653777ab,2025-09-12,,200,200,シナモンの香りがするコーヒーで私好みで美味しかったアナエロピック製法でシナモンの香りをつけているとのこと,true,[],9,10,7,3,,,,シナモンの香りがするコーヒーで私好みで美味しかったアナエロピック製法でシナモンの香りをつけているとのこと,[],2025-09-13 15:38:07.7782+00,2025-09-13 15:38:07.7782+00,2025-09-13 15:38:26.501973+00
8f3a656d-f475-49b8-914b-91575eee63b4,48f186a3-e094-416f-86ab-5d5c016c002a,ケニア(VERVE),bf96e4a2-1313-45a7-8625-3a82ed6cd0e5,,2025-08-02,ケニア,,,,bf96e4a2-1313-45a7-8625-3a82ed6cd0e5,2025-08-02,,200,200,,true,[],6,5,6,4,,,,,[],2025-09-13 15:38:07.7782+00,2025-09-13 15:38:07.7782+00,2025-09-13 15:39:38.353689+00
90fb0ecf-6da5-4fa9-8f1a-cde270a6ff34,48f186a3-e094-416f-86ab-5d5c016c002a,エーデルワイス,99a3d17f-6d89-4e0b-bbc3-219d5db189f6,,2025-07-28,タンザニア,,,,99a3d17f-6d89-4e0b-bbc3-219d5db189f6,2025-07-28,,200,200,,true,[],6,5,7,6,,,,,[],2025-09-13 15:38:07.7782+00,2025-09-13 15:38:07.7782+00,2025-09-13 15:39:40.588692+00
98d0ce4c-29fd-4aea-bb2e-768deaa31866,48f186a3-e094-416f-86ab-5d5c016c002a,THAT COFFEE STAND ORIGINAL BLEND,a9883a0a-6629-4801-938b-dce694a52624,,2025-06-26,,,,,a9883a0a-6629-4801-938b-dce694a52624,2025-06-26,,200,200,,true,[],4,5,1,9,,,,,[],2025-09-13 15:38:07.7782+00,2025-09-13 15:38:07.7782+00,2025-09-13 15:38:44.152726+00
9eb1a9ff-3276-4640-a1ef-f2c12c749f5b,48f186a3-e094-416f-86ab-5d5c016c002a,ウエノブレンド,95fecc36-58dc-4a21-b93f-e9760448ca5a,,2025-07-17,,,,,95fecc36-58dc-4a21-b93f-e9760448ca5a,2025-07-17,,200,200,,true,[],5,3,2,8,,,,,[],2025-09-13 15:38:07.7782+00,2025-09-13 15:38:07.7782+00,2025-09-13 15:39:50.435883+00
9ebf94b0-8479-445b-a5b1-305fa188ccaa,48f186a3-e094-416f-86ab-5d5c016c002a,ドミニカ(ARiSE COFFEE ROASTERS),817276cf-4a43-41f7-ae62-322e3c1f03e4,,2025-08-17,ドミニカ,,,,817276cf-4a43-41f7-ae62-322e3c1f03e4,2025-08-17,,200,200,,true,[],7,8,5,4,,,,,[],2025-09-13 15:38:07.7782+00,2025-09-13 15:38:07.7782+00,2025-09-13 15:39:25.254528+00
a019b9c1-0669-4c75-aa37-25b48808036e,48f186a3-e094-416f-86ab-5d5c016c002a,重陽の季節,ee0c03fb-e61a-4126-975e-a493035c5b40,,2025-07-10,,,,,ee0c03fb-e61a-4126-975e-a493035c5b40,2025-07-10,,200,200,,true,[],5,5,5,5,,,,,[],2025-09-13 15:38:07.7782+00,2025-09-13 15:38:07.7782+00,2025-09-13 15:39:54.821269+00
a1769e4a-8db5-482a-b7a6-fdbe66cf499a,48f186a3-e094-416f-86ab-5d5c016c002a,Harajuku Blend,f7bf5e35-767f-4ab8-ac41-fcb884557b5c,,2025-08-10,,,,,f7bf5e35-767f-4ab8-ac41-fcb884557b5c,2025-08-10,,200,200,,true,[],6,4,3,7,,,,,[],2025-09-13 15:38:07.7782+00,2025-09-13 15:38:07.7782+00,2025-09-13 15:39:32.956056+00
a473043e-6315-438c-b395-88e28689a01f,48f186a3-e094-416f-86ab-5d5c016c002a,잘 되어가시나(EVERYTHING GOOD),b54a952a-b27f-478a-9a50-e398b6a9787e,,2025-09-08,,,,,b54a952a-b27f-478a-9a50-e398b6a9787e,2025-09-08,,200,200,,true,[],9,9,3,3,,,,,[],2025-09-13 15:38:07.7782+00,2025-09-13 15:38:07.7782+00,2025-09-13 15:39:05.011006+00
abdcf6ae-9d1e-4258-ab8e-6084840341ce,48f186a3-e094-416f-86ab-5d5c016c002a,ウガンダ オーガニック/フェアトレード,ad04cdd7-8f04-48b8-af77-b835108ac29c,,2025-08-11,ウガンダ,,,,ad04cdd7-8f04-48b8-af77-b835108ac29c,2025-08-11,,200,200,,true,[],6,6,7,5,,,,,[],2025-09-13 15:38:07.7782+00,2025-09-13 15:38:07.7782+00,2025-09-13 15:39:31.93688+00
bd29b641-4a2a-4b68-9846-32d2bcd23068,48f186a3-e094-416f-86ab-5d5c016c002a,クリスタルマウンテン,77142836-e252-491b-bedf-5214c5bd506f,,2025-07-21,,,,,77142836-e252-491b-bedf-5214c5bd506f,2025-07-21,,200,200,,true,[],5,5,7,5,,,,,[],2025-09-13 15:38:07.7782+00,2025-09-13 15:38:07.7782+00,2025-09-13 15:39:46.510546+00
c60f5f2d-e1a4-41a1-b212-a48e02131d8c,48f186a3-e094-416f-86ab-5d5c016c002a,ケニアAA,99a3d17f-6d89-4e0b-bbc3-219d5db189f6,,2025-08-18,ケニア,,,,99a3d17f-6d89-4e0b-bbc3-219d5db189f6,2025-08-18,,200,200,,true,[],7,5,7,4,,,,,[],2025-09-13 15:38:07.7782+00,2025-09-13 15:38:07.7782+00,2025-09-13 15:39:24.456545+00
c75aff75-b8a0-412b-a12d-c958a6d7dc2d,48f186a3-e094-416f-86ab-5d5c016c002a,ETHIOPIA GOTITI REKU WS HONEY,6fb1272f-3bfd-4817-8624-a54e376979ea,,2025-07-25,エチオピア,,,,6fb1272f-3bfd-4817-8624-a54e376979ea,2025-07-25,,200,200,,true,[],5,5,9,1,,,,,[],2025-09-13 15:38:07.7782+00,2025-09-13 15:38:07.7782+00,2025-09-13 15:39:42.779532+00
caac4edc-7298-4c05-b6d5-9be6563d3010,48f186a3-e094-416f-86ab-5d5c016c002a,ペルー(OBSCURA COFFEE ROASTERS),7ecdddbd-66c6-4011-931a-8f528c315450,,2025-08-22,ペルー,,,,7ecdddbd-66c6-4011-931a-8f528c315450,2025-08-22,,200,200,,true,[],7,6,9,3,,,,,[],2025-09-13 15:38:07.7782+00,2025-09-13 15:38:07.7782+00,2025-09-13 15:39:20.674477+00
cd0366e8-8ced-4ae6-856e-86af578b8c7e,48f186a3-e094-416f-86ab-5d5c016c002a,リリオス農園　バラホナワイニーナチュラル,93cfdb69-7d70-483f-a9e5-e582d9e9b3e2,,2025-07-18,ドミニカ共和国,,,,93cfdb69-7d70-483f-a9e5-e582d9e9b3e2,2025-07-18,,200,200,,true,[],5,5,6,5,,,,,[],2025-09-13 15:38:07.7782+00,2025-09-13 15:38:07.7782+00,2025-09-13 15:39:49.451168+00
d1d679a4-15d5-4495-a52b-924b70e9f686,48f186a3-e094-416f-86ab-5d5c016c002a,HAPPY HOLIDAY BLEND,e2774caf-ab0b-472e-89d1-838b14392b75,,2025-09-04,"インドネシア, エチオピア",,,,e2774caf-ab0b-472e-89d1-838b14392b75,2025-09-04,,200,200,,true,[],8,8,5,4,,,,,[],2025-09-13 15:38:07.7782+00,2025-09-13 15:38:07.7782+00,2025-09-13 15:39:08.685081+00
d763bb60-9b5d-4657-b273-b7d08e432d7f,48f186a3-e094-416f-86ab-5d5c016c002a,AMBER DROP ORIGINAL BLEND,6fb1272f-3bfd-4817-8624-a54e376979ea,,,,,,,,,,,,,true,[],7,6,6,4,5,5,5,,,2025-11-22 15:20:08.154+00,2025-11-22 15:19:34.189352+00,2025-11-22 15:20:09.478511+00
db6a23c5-5f18-4dfe-bb8d-e6ecdd331f36,48f186a3-e094-416f-86ab-5d5c016c002a,リモンシージョ ブルボン ナチュラル,28413643-c950-4e1e-b0d6-9cd21eaec6c4,,2025-07-05,ニカラグア,,,,28413643-c950-4e1e-b0d6-9cd21eaec6c4,2025-07-05,,200,200,,true,[],5,3,2,5,,,,,[],2025-09-13 15:38:07.7782+00,2025-09-13 15:38:07.7782+00,2025-09-13 15:38:55.943109+00
dcd3dcd2-5213-4608-bd8b-73a8f549c891,48f186a3-e094-416f-86ab-5d5c016c002a,オリジナルブレンドDROP,b70dc7e3-9e00-4bed-9b95-f660738f492c,,2025-07-02,"エチオピア, コロンビア, タンザニア, ブラジル",,,,b70dc7e3-9e00-4bed-9b95-f660738f492c,2025-07-02,,200,200,,true,[],5,5,3,6,,,,,[],2025-09-13 15:38:07.7782+00,2025-09-13 15:38:07.7782+00,2025-09-13 15:38:51.64078+00
de047567-312e-4713-ad5f-002663eaaa14,48f186a3-e094-416f-86ab-5d5c016c002a,Fruit Blend,7ecdddbd-66c6-4011-931a-8f528c315450,,2025-09-01,"エチオピア, ルワンダ",,,,7ecdddbd-66c6-4011-931a-8f528c315450,2025-09-01,,200,200,,true,[],7,5,8,3,,,,,[],2025-09-13 15:38:07.7782+00,2025-09-13 15:38:07.7782+00,2025-09-13 15:39:10.732155+00
de5d346d-ae29-41ef-b15b-faa1095a104a,48f186a3-e094-416f-86ab-5d5c016c002a,Burundi,7ecdddbd-66c6-4011-931a-8f528c315450,,2025-08-31,ブルンジ,,,,7ecdddbd-66c6-4011-931a-8f528c315450,2025-08-31,,200,200,OBSCURAはやはり良いコーヒーが多いと思った,true,[],7,5,8,3,,,,OBSCURAはやはり良いコーヒーが多いと思った,[],2025-09-13 15:38:07.7782+00,2025-09-13 15:38:07.7782+00,2025-09-13 15:39:11.286986+00
de8fdd4b-20d5-4659-9151-265bd75473c3,48f186a3-e094-416f-86ab-5d5c016c002a,Le mistral,ba30c039-5f22-4129-a65a-c414a958fc3e,,,,,,,,,,,,,true,[],8,7,8,3,6,3,6,,,2025-11-22 15:15:23.69+00,2025-10-13 14:16:59.16113+00,2025-11-22 15:15:23.804691+00
dea2ff1e-ac5f-4cfe-bd00-9c414c474b97,48f186a3-e094-416f-86ab-5d5c016c002a,一番摘み完熟ブラジル,fbc02aa9-273b-45a0-ac67-12e88daade58,,2025-07-03,ブラジル,,,,fbc02aa9-273b-45a0-ac67-12e88daade58,2025-07-03,,200,200,,true,[],5,4,2,4,,,,,[],2025-09-13 15:38:07.7782+00,2025-09-13 15:38:07.7782+00,2025-09-13 15:38:53.042573+00
df715f15-62d8-4097-baee-4cdf8d85fc8b,48f186a3-e094-416f-86ab-5d5c016c002a,トロピカルマウンテン,28413643-c950-4e1e-b0d6-9cd21eaec6c4,,2025-07-13,パプアニューギニア,,,,28413643-c950-4e1e-b0d6-9cd21eaec6c4,2025-07-13,,200,200,,true,[],5,5,3,5,,,,,[],2025-09-13 15:38:07.7782+00,2025-09-13 15:38:07.7782+00,2025-09-13 15:39:52.44671+00
e07faa39-71f6-496a-9b9c-b1eba6b3c11c,48f186a3-e094-416f-86ab-5d5c016c002a,ケニア(GEISHA),9fa16d1a-a0db-4df6-b25d-1cf8860eac2f,,2025-09-09,ケニア,,,,9fa16d1a-a0db-4df6-b25d-1cf8860eac2f,2025-09-09,,200,200,,true,[],9,7,8,3,,,,,[],2025-09-13 15:38:07.7782+00,2025-09-13 15:38:07.7782+00,2025-09-13 15:39:04.062111+00
e2b214bd-d852-4ad4-b6a5-034de6a8a267,48f186a3-e094-416f-86ab-5d5c016c002a,ブルーマウンテンＮo１(やなか珈琲),c4becb2d-2bf6-48ee-b7ad-d7971afda934,,2025-07-01,ジャマイカ,,,,c4becb2d-2bf6-48ee-b7ad-d7971afda934,2025-07-01,,200,200,,true,[],5,4,6,4,,,,,[],2025-09-13 15:38:07.7782+00,2025-09-13 15:38:07.7782+00,2025-09-13 15:38:50.664565+00
e7446300-c343-4ce8-9f5a-7dfd02e64efd,48f186a3-e094-416f-86ab-5d5c016c002a,GUATEMALA GOLO PRISE,60cd2bb9-c885-453a-bb65-36152dc68f14,Medium,,,,,,,,,200,200,,true,[],5,7,3,7,3,4,5,,,2025-11-22 15:17:59.195+00,2025-11-22 15:17:28.24317+00,2025-11-22 15:18:00.516218+00
e9208892-9a7d-4888-ac0a-8261c436469e,48f186a3-e094-416f-86ab-5d5c016c002a,City Roast,b1f629e2-a587-4707-b4ac-30fce341c699,,2025-08-03,,,,,b1f629e2-a587-4707-b4ac-30fce341c699,2025-08-03,,200,200,,true,[],6,5,7,5,,,,,[],2025-09-13 15:38:07.7782+00,2025-09-13 15:38:07.7782+00,2025-09-13 15:39:37.711563+00
ead37915-c6e9-4d0a-8a6e-519428d93206,48f186a3-e094-416f-86ab-5d5c016c002a,ウガンダ アフリカンムーン ドンキー,cfd72f39-cf3f-4ae1-b658-8e25da237164,,2025-08-19,ウガンダ,,,,cfd72f39-cf3f-4ae1-b658-8e25da237164,2025-08-19,,200,200,,true,[],7,7,6,3,,,,,[],2025-09-13 15:38:07.7782+00,2025-09-13 15:38:07.7782+00,2025-09-13 15:39:23.349726+00
ef2c534d-db77-4dab-9c09-72d4276f37bc,48f186a3-e094-416f-86ab-5d5c016c002a,ちょっと贅沢な珈琲店 スペシャルブレンド,dd9131ba-92c5-4e97-b12d-7da88bf7bd1f,,2025-07-04,,,,,dd9131ba-92c5-4e97-b12d-7da88bf7bd1f,2025-07-04,,200,200,,true,[],5,5,2,7,,,,,[],2025-09-13 15:38:07.7782+00,2025-09-13 15:38:07.7782+00,2025-09-13 15:38:53.918731+00
efc9e828-70e4-448e-9518-0cde4a8ee256,48f186a3-e094-416f-86ab-5d5c016c002a,HAYATE BLEND,20c7912d-fb22-4329-be23-736de7345e4d,,2025-09-03,"エチオピア, グアテマラ, コロンビア, ニカラグア",,,,20c7912d-fb22-4329-be23-736de7345e4d,2025-09-03,,200,200,,true,[],8,7,6,6,,,,,[],2025-09-13 15:38:07.7782+00,2025-09-13 15:38:07.7782+00,2025-09-13 15:39:09.56259+00
f2897af0-3188-4c57-8076-0815bb69fea9,48f186a3-e094-416f-86ab-5d5c016c002a,イルガチェフ ナチュラル,28413643-c950-4e1e-b0d6-9cd21eaec6c4,,2025-07-07,エチオピア,,,,28413643-c950-4e1e-b0d6-9cd21eaec6c4,2025-07-07,,200,200,,true,[],5,4,2,7,,,,,[],2025-09-13 15:38:07.7782+00,2025-09-13 15:38:07.7782+00,2025-09-13 15:38:58.52099+00
f56a9f4b-61b7-4e6a-804f-8898b9284d65,48f186a3-e094-416f-86ab-5d5c016c002a,KANICHI BLEND,1f8c83f0-9199-4c0f-ae60-3f85d5a824f2,High,,,,,,,,,100,100,,false,[],,,,,,,,,,,2025-11-22 15:23:24.543075+00,2025-11-22 15:23:24.543075+00
f70a6ad5-8241-49bd-bef6-ae12fa0f45d7,48f186a3-e094-416f-86ab-5d5c016c002a,Sweet ＆ Flowers,c6680f22-d167-43b8-9138-fc6f1c5502a0,,2025-07-14,コロンビア,,,,c6680f22-d167-43b8-9138-fc6f1c5502a0,2025-07-14,,200,200,,true,[],5,5,5,5,,,,,[],2025-09-13 15:38:07.7782+00,2025-09-13 15:38:07.7782+00,2025-09-13 15:39:51.923431+00
fa525d0a-583f-47f1-966e-515ebdc60027,48f186a3-e094-416f-86ab-5d5c016c002a,ブルンジ,7ecdddbd-66c6-4011-931a-8f528c315450,,2025-08-01,ブルンジ,,,,7ecdddbd-66c6-4011-931a-8f528c315450,2025-08-01,,200,200,,true,[],6,5,3,4,,,,,[],2025-09-13 15:38:07.7782+00,2025-09-13 15:38:07.7782+00,2025-09-13 15:39:38.842923+00
fc073e6c-da78-476d-8327-6a1f8578b683,48f186a3-e094-416f-86ab-5d5c016c002a,レギュラーコーヒー モカブレンド,0662e4f8-05aa-4733-ba26-3db1478f79b3,,2025-08-26,"エチオピア, ブラジル, ベトナム",,,,0662e4f8-05aa-4733-ba26-3db1478f79b3,2025-08-26,,200,200,,true,[],7,6,4,4,,,,,[],2025-09-13 15:38:07.7782+00,2025-09-13 15:38:07.7782+00,2025-09-13 15:39:15.698726+00
fd573f30-9d4e-4167-86eb-a29dafb57fbb,48f186a3-e094-416f-86ab-5d5c016c002a,モカハラズ　スパイシーナチュラル,93cfdb69-7d70-483f-a9e5-e582d9e9b3e2,,2025-08-25,イエメン,,,,93cfdb69-7d70-483f-a9e5-e582d9e9b3e2,2025-08-25,,200,200,,true,[],7,7,7,5,,,,,[],2025-09-13 15:38:07.7782+00,2025-09-13 15:38:07.7782+00,2025-09-13 15:39:16.997494+00
ff61795d-5f6b-413b-a184-ca51a09130b2,48f186a3-e094-416f-86ab-5d5c016c002a,NW2022 #4 Santa Sofia,7ffb021e-1d00-4f12-ae2d-1abeeb483101,,2025-08-20,ペルー,,,,7ffb021e-1d00-4f12-ae2d-1abeeb483101,2025-08-20,,200,200,,true,[],7,4,9,2,,,,,[],2025-09-13 15:38:07.7782+00,2025-09-13 15:38:07.7782+00,2025-09-13 15:39:22.354743+00