id,user_id,name,type,url,address,memo,created_at,updated_at
0662e4f8-05aa-4733-ba26-3db1478f79b3,48f186a3-e094-416f-86ab-5d5c016c002a,TOPVALU(イオン),roaster,,,Notionデータからインポート,2025-09-13 15:38:07.7782+00,2025-09-13 15:38:07.7782+00
119c5622-2a07-494a-a636-cbf11ecfcf8c,48f186a3-e094-416f-86ab-5d5c016c002a,無印良品,roaster,,,Notionデータからインポート,2025-09-13 15:38:07.7782+00,2025-09-13 15:38:07.7782+00
1bd868f6-81aa-47d7-825c-8edc9450e887,48f186a3-e094-416f-86ab-5d5c016c002a,珈琲問屋,roaster,,,Notionデータからインポート,2025-09-13 15:38:07.7782+00,2025-09-13 15:38:07.7782+00
1d1e67be-f2cc-42f9-b43b-c7e279568fa7,48f186a3-e094-416f-86ab-5d5c016c002a,カフェバッハ,roaster,,,Notionデータからインポート,2025-09-13 15:38:07.7782+00,2025-09-13 15:38:07.7782+00
1f8c83f0-9199-4c0f-ae60-3f85d5a824f2,48f186a3-e094-416f-86ab-5d5c016c002a,coffee house CHACHA,roaster,,,,2025-11-22 15:22:27.48699+00,2025-11-22 15:22:27.48699+00
20c7912d-fb22-4329-be23-736de7345e4d,48f186a3-e094-416f-86ab-5d5c016c002a,COFFEE STAND High-Five,roaster,,,Notionデータからインポート,2025-09-13 15:38:07.7782+00,2025-09-13 15:38:07.7782+00
23d78bc5-8662-4fb5-a00c-339f46c8035a,48f186a3-e094-416f-86ab-5d5c016c002a,BLUE BOTTOLE COFFEE,roaster,,,Notionデータからインポート,2025-09-13 15:38:07.7782+00,2025-09-13 15:38:07.7782+00
28413643-c950-4e1e-b0d6-9cd21eaec6c4,48f186a3-e094-416f-86ab-5d5c016c002a,ツキノワコーヒー,roaster,,,Notionデータからインポート,2025-09-13 15:38:07.7782+00,2025-09-13 15:38:07.7782+00
28eabd6d-9b81-4954-bd19-3c618fe3fff6,48f186a3-e094-416f-86ab-5d5c016c002a,Hillkoff Coffee,roaster,,,Notionデータからインポート,2025-09-13 15:38:07.7782+00,2025-09-13 15:38:07.7782+00
28f613b2-a069-40a2-883e-1df8416cc06d,48f186a3-e094-416f-86ab-5d5c016c002a,COFFEE VALLEY,roaster,,,Notionデータからインポート,2025-09-13 15:38:07.7782+00,2025-09-13 15:38:07.7782+00
332e91ac-377c-4f43-9ea7-586a653777ab,48f186a3-e094-416f-86ab-5d5c016c002a,GLITCH COFFEE & ROASTERS,roaster,,,Notionデータからインポート,2025-09-13 15:38:07.7782+00,2025-09-13 15:38:07.7782+00
3a57045b-7ffe-4cfa-b3fe-3c5f34e90542,48f186a3-e094-416f-86ab-5d5c016c002a,PHILOCOFFEA,roaster,,,Notionデータからインポート,2025-09-13 15:38:07.7782+00,2025-09-13 15:38:07.7782+00
3b39a6ac-080c-4abe-acb2-f9f530169b00,48f186a3-e094-416f-86ab-5d5c016c002a,皇琲亭,roaster,,,Notionデータからインポート,2025-09-13 15:38:07.7782+00,2025-09-13 15:38:07.7782+00
45ce9ff3-8a2f-4665-8e10-8b0e32f4dc28,48f186a3-e094-416f-86ab-5d5c016c002a,BYRON BAY COFFEE COMPANY,roaster,,,Notionデータからインポート,2025-09-13 15:38:07.7782+00,2025-09-13 15:38:07.7782+00
5c6d317e-2d64-4c4d-8d19-a501bf002fb5,48f186a3-e094-416f-86ab-5d5c016c002a,ALPHA BETA COFFEE CLUB,roaster,,,Notionデータからインポート,2025-09-13 15:38:07.7782+00,2025-09-13 15:38:07.7782+00
60cd2bb9-c885-453a-bb65-36152dc68f14,48f186a3-e094-416f-86ab-5d5c016c002a,TULLY's COFFEE,roaster,,,,2025-11-22 15:16:15.157637+00,2025-11-22 15:16:15.157637+00
6fa36da8-189e-4344-a918-240f67f0202f,48f186a3-e094-416f-86ab-5d5c016c002a,常磐珈琲焙煎所,roaster,https://tokiwacoffee.com/,,,2025-09-21 13:30:11.976973+00,2025-09-21 13:30:11.976973+00
6fb1272f-3bfd-4817-8624-a54e376979ea,48f186a3-e094-416f-86ab-5d5c016c002a,AMBER DROP COFFEE ROASTERS,roaster,,,Notionデータからインポート,2025-09-13 15:38:07.7782+00,2025-09-13 15:38:07.7782+00
71ada7b4-9153-4064-ad0d-c34e3cdacc2f,48f186a3-e094-416f-86ab-5d5c016c002a,LURIE.,roaster,,,Notionデータからインポート,2025-09-13 15:38:07.7782+00,2025-09-13 15:38:07.7782+00
75b17cb7-4f01-43a0-8752-9cf2c2a9a251,48f186a3-e094-416f-86ab-5d5c016c002a,EMBANKMENT Coffee,roaster,,,Notionデータからインポート,2025-09-13 15:38:07.7782+00,2025-09-13 15:38:07.7782+00
77142836-e252-491b-bedf-5214c5bd506f,48f186a3-e094-416f-86ab-5d5c016c002a,Aroma coffee,roaster,,,Notionデータからインポート,2025-09-13 15:38:07.7782+00,2025-09-13 15:38:07.7782+00
77850fac-daf1-4a28-a47f-cdfcabd005b7,48f186a3-e094-416f-86ab-5d5c016c002a,MUI COFFEE ROASTERY,roaster,,,Notionデータからインポート,2025-09-13 15:38:07.7782+00,2025-09-13 15:38:07.7782+00
7ae5dc1b-58fe-49d5-83c1-ddc0df738408,48f186a3-e094-416f-86ab-5d5c016c002a,PORTTOWN COFFEE ROASTERS,roaster,,,Notionデータからインポート,2025-09-13 15:38:07.7782+00,2025-09-13 15:38:07.7782+00
7c560c18-6216-4769-af39-31b2a9bf33c4,48f186a3-e094-416f-86ab-5d5c016c002a,BONCAFÉ（ボンカフェ）,roaster,https://boncafe.com/?srsltid=AfmBOopPYExlScXsH2OoFTxQ1B2CKBvpHLyU-it35Nd9ltwkMuGiEGsk,,,2025-09-20 11:42:17.572421+00,2025-09-20 11:42:17.572421+00
7ecdddbd-66c6-4011-931a-8f528c315450,48f186a3-e094-416f-86ab-5d5c016c002a,OBSCURA COFFEE ROASTERS,roaster,,,Notionデータからインポート,2025-09-13 15:38:07.7782+00,2025-09-13 15:38:07.7782+00
7fe2c1cf-9f9a-4b04-a1a0-39e017fe3140,48f186a3-e094-416f-86ab-5d5c016c002a,THE HIGHLANDS,roaster,,,Notionデータからインポート,2025-09-13 15:38:07.7782+00,2025-09-13 15:38:07.7782+00
7ffb021e-1d00-4f12-ae2d-1abeeb483101,48f186a3-e094-416f-86ab-5d5c016c002a,THE COFFEESHOP,roaster,,,Notionデータからインポート,2025-09-13 15:38:07.7782+00,2025-09-13 15:38:07.7782+00
812b7f95-e7f8-4731-866b-5f6e0ff0d920,48f186a3-e094-416f-86ab-5d5c016c002a,ROKUMEI COFFEE,roaster,,,Notionデータからインポート,2025-09-13 15:38:07.7782+00,2025-09-13 15:38:07.7782+00
812cf6cc-48ce-48ad-acee-8968eeeac878,48f186a3-e094-416f-86ab-5d5c016c002a,Dallmayr,roaster,,,Notionデータからインポート,2025-09-13 15:38:07.7782+00,2025-09-13 15:38:07.7782+00
817276cf-4a43-41f7-ae62-322e3c1f03e4,48f186a3-e094-416f-86ab-5d5c016c002a,ARiSE COFFEE ROASTERS,roaster,,,Notionデータからインポート,2025-09-13 15:38:07.7782+00,2025-09-13 15:38:07.7782+00
847c26f1-c6f7-4531-9c13-06ddae4d351e,48f186a3-e094-416f-86ab-5d5c016c002a,江古田珈琲焙煎所,roaster,,,Notionデータからインポート,2025-09-13 15:38:07.7782+00,2025-09-13 15:38:07.7782+00
8679264d-afdf-4998-b4ef-3ed134fa3e7b,48f186a3-e094-416f-86ab-5d5c016c002a,COVERT COFFEE,roaster,,,Notionデータからインポート,2025-09-13 15:38:07.7782+00,2025-09-13 15:38:07.7782+00
8e4d73a7-cb31-49b3-9986-74adbdd17edb,48f186a3-e094-416f-86ab-5d5c016c002a,青海珈琲,roaster,,,Notionデータからインポート,2025-09-13 15:38:07.7782+00,2025-09-13 15:38:07.7782+00
90c4daac-b6f1-4c10-9313-51db0648c274,48f186a3-e094-416f-86ab-5d5c016c002a,ALL SEASONS COFFEE,roaster,,,Notionデータからインポート,2025-09-13 15:38:07.7782+00,2025-09-13 15:38:07.7782+00
92ea8088-b914-4a65-9a1a-387125943d0d,48f186a3-e094-416f-86ab-5d5c016c002a,ARABICA COFFEE,roaster,,,Notionデータからインポート,2025-09-13 15:38:07.7782+00,2025-09-13 15:38:07.7782+00
93cfdb69-7d70-483f-a9e5-e582d9e9b3e2,48f186a3-e094-416f-86ab-5d5c016c002a,珈琲焙煎工房　FLUTTER,roaster,,,Notionデータからインポート,2025-09-13 15:38:07.7782+00,2025-09-13 15:38:07.7782+00
95fecc36-58dc-4a21-b93f-e9760448ca5a,48f186a3-e094-416f-86ab-5d5c016c002a,Social Good Roasters,roaster,,,Notionデータからインポート,2025-09-13 15:38:07.7782+00,2025-09-13 15:38:07.7782+00
99a3d17f-6d89-4e0b-bbc3-219d5db189f6,48f186a3-e094-416f-86ab-5d5c016c002a,豆工房,roaster,,,Notionデータからインポート,2025-09-13 15:38:07.7782+00,2025-09-13 15:38:07.7782+00
9fa16d1a-a0db-4df6-b25d-1cf8860eac2f,48f186a3-e094-416f-86ab-5d5c016c002a,DANTE COFFEE&COCKTAIL,roaster,,,Notionデータからインポート,2025-09-13 15:38:07.7782+00,2025-09-13 15:38:07.7782+00
a9883a0a-6629-4801-938b-dce694a52624,48f186a3-e094-416f-86ab-5d5c016c002a,THAT COFFEE STAND,roaster,,,Notionデータからインポート,2025-09-13 15:38:07.7782+00,2025-09-13 15:38:07.7782+00
ad04cdd7-8f04-48b8-af77-b835108ac29c,48f186a3-e094-416f-86ab-5d5c016c002a,モルティブ下北沢,roaster,,,Notionデータからインポート,2025-09-13 15:38:07.7782+00,2025-09-13 15:38:07.7782+00
ad8ca75a-f1b3-4752-964f-4f028db6478c,48f186a3-e094-416f-86ab-5d5c016c002a,豆香洞コーヒー,roaster,,,Notionデータからインポート,2025-09-13 15:38:07.7782+00,2025-09-13 15:38:07.7782+00
b1f629e2-a587-4707-b4ac-30fce341c699,48f186a3-e094-416f-86ab-5d5c016c002a,オニバスコーヒー,roaster,,,Notionデータからインポート,2025-09-13 15:38:07.7782+00,2025-09-13 15:38:07.7782+00
b54a952a-b27f-478a-9a50-e398b6a9787e,48f186a3-e094-416f-86ab-5d5c016c002a,FRITZ COMPANY COFFEE & BREAD,roaster,,,Notionデータからインポート,2025-09-13 15:38:07.7782+00,2025-09-13 15:38:07.7782+00
b70dc7e3-9e00-4bed-9b95-f660738f492c,48f186a3-e094-416f-86ab-5d5c016c002a,COFFEE AMP THE ROASTER,roaster,,,Notionデータからインポート,2025-09-13 15:38:07.7782+00,2025-09-13 15:38:07.7782+00
ba30c039-5f22-4129-a65a-c414a958fc3e,48f186a3-e094-416f-86ab-5d5c016c002a,Belleville Japan,roaster,https://belleville-japan.com/,,,2025-10-05 09:28:39.508496+00,2025-10-05 09:28:39.508496+00
bf96e4a2-1313-45a7-8625-3a82ed6cd0e5,48f186a3-e094-416f-86ab-5d5c016c002a,VERVE COFFEE ROASTERS,roaster,,,Notionデータからインポート,2025-09-13 15:38:07.7782+00,2025-09-13 15:38:07.7782+00
bfcfd925-cd33-469b-b3ee-e74d67028feb,48f186a3-e094-416f-86ab-5d5c016c002a,Cafe Facon Roaster Atelier,roaster,,,Notionデータからインポート,2025-09-13 15:38:07.7782+00,2025-09-13 15:38:07.7782+00
c2997165-c990-43ec-825a-7c099528a9dc,48f186a3-e094-416f-86ab-5d5c016c002a,水谷珈琲,roaster,,,Notionデータからインポート,2025-09-13 15:38:07.7782+00,2025-09-13 15:38:07.7782+00
c4becb2d-2bf6-48ee-b7ad-d7971afda934,48f186a3-e094-416f-86ab-5d5c016c002a,やなか珈琲,roaster,,,Notionデータからインポート,2025-09-13 15:38:07.7782+00,2025-09-13 15:38:07.7782+00
c6680f22-d167-43b8-9138-fc6f1c5502a0,48f186a3-e094-416f-86ab-5d5c016c002a,NOBLE COFFEE ROASTERS,roaster,,,Notionデータからインポート,2025-09-13 15:38:07.7782+00,2025-09-13 15:38:07.7782+00
cfd72f39-cf3f-4ae1-b658-8e25da237164,48f186a3-e094-416f-86ab-5d5c016c002a,梟書茶房,roaster,,,Notionデータからインポート,2025-09-13 15:38:07.7782+00,2025-09-13 15:38:07.7782+00
d348611a-79f7-4011-a964-3f9489d75258,48f186a3-e094-416f-86ab-5d5c016c002a,Paul Bassett,roaster,,,Notionデータからインポート,2025-09-13 15:38:07.7782+00,2025-09-13 15:38:07.7782+00
dd0ffa92-9b9d-4683-8908-3e1225d8dae3,48f186a3-e094-416f-86ab-5d5c016c002a,LEAVES COFFEE ROASTER,roaster,,,Notionデータからインポート,2025-09-13 15:38:07.7782+00,2025-09-13 15:38:07.7782+00
dd9131ba-92c5-4e97-b12d-7da88bf7bd1f,48f186a3-e094-416f-86ab-5d5c016c002a,AGF,roaster,,,Notionデータからインポート,2025-09-13 15:38:07.7782+00,2025-09-13 15:38:07.7782+00
e120540b-6b03-489d-a06d-aeea8643e631,48f186a3-e094-416f-86ab-5d5c016c002a,農事組合法人　共働学舎新得農場,roaster,https://www.kyodogakusha.org/,,,2025-10-13 14:19:14.756599+00,2025-10-13 14:19:14.756599+00
e2774caf-ab0b-472e-89d1-838b14392b75,48f186a3-e094-416f-86ab-5d5c016c002a,カルディ,roaster,,,Notionデータからインポート,2025-09-13 15:38:07.7782+00,2025-09-13 15:38:07.7782+00
ee0c03fb-e61a-4126-975e-a493035c5b40,48f186a3-e094-416f-86ab-5d5c016c002a,神乃珈琲,roaster,,,Notionデータからインポート,2025-09-13 15:38:07.7782+00,2025-09-13 15:38:07.7782+00
f7bf5e35-767f-4ab8-ac41-fcb884557b5c,48f186a3-e094-416f-86ab-5d5c016c002a,DOUBLE TALL CAFE,roaster,,,Notionデータからインポート,2025-09-13 15:38:07.7782+00,2025-09-13 15:38:07.7782+00
fbc02aa9-273b-45a0-ac67-12e88daade58,48f186a3-e094-416f-86ab-5d5c016c002a,豆とコーヒー Laura,roaster,,,Notionデータからインポート,2025-09-13 15:38:07.7782+00,2025-09-13 15:38:07.7782+00